event_id,timestamp,event_type,source,value,duration,authorized,integrity,asset,context
SYN-NET-001,2026-09-01T08:00:00Z,network,synthetic-zeek-offline,4000,0.15,true,valid,training-hmi,SYNTHETIC network flow example; not plant telemetry
SYN-NET-002,2026-09-01T08:01:00Z,network,synthetic-zeek-offline,4308,0.325,true,valid,training-hmi,SYNTHETIC network flow example; not plant telemetry
SYN-NET-003,2026-09-01T08:02:00Z,network,synthetic-zeek-offline,4252,0.225,true,valid,training-hmi,SYNTHETIC network flow example; not plant telemetry
SYN-NET-004,2026-09-01T08:03:00Z,network,synthetic-zeek-offline,4196,0.4,true,valid,training-hmi,SYNTHETIC network flow example; not plant telemetry
SYN-NET-005,2026-09-01T08:04:00Z,network,synthetic-zeek-offline,4140,0.30000000000000004,true,valid,training-hmi,SYNTHETIC network flow example; not plant telemetry
SYN-NET-006,2026-09-01T08:05:00Z,network,synthetic-zeek-offline,4084,0.2,true,valid,training-hmi,SYNTHETIC network flow example; not plant telemetry
SYN-NET-007,2026-09-01T08:06:00Z,network,synthetic-zeek-offline,4028,0.375,true,valid,training-hmi,SYNTHETIC network flow example; not plant telemetry
SYN-NET-008,2026-09-01T08:07:00Z,network,synthetic-zeek-offline,4336,0.275,true,valid,training-hmi,SYNTHETIC network flow example; not plant telemetry
SYN-NET-009,2026-09-01T08:08:00Z,network,synthetic-zeek-offline,4280,0.175,true,valid,training-hmi,SYNTHETIC network flow example; not plant telemetry
SYN-NET-010,2026-09-01T08:09:00Z,network,synthetic-zeek-offline,4224,0.35,true,valid,training-hmi,SYNTHETIC network flow example; not plant telemetry
SYN-NET-011,2026-09-01T08:10:00Z,network,synthetic-zeek-offline,4168,0.25,true,valid,training-hmi,SYNTHETIC network flow example; not plant telemetry
SYN-NET-012,2026-09-01T08:11:00Z,network,synthetic-zeek-offline,4112,0.15,true,valid,training-hmi,SYNTHETIC network flow example; not plant telemetry
SYN-NET-013,2026-09-01T08:12:00Z,network,synthetic-zeek-offline,4056,0.325,true,valid,training-hmi,SYNTHETIC network flow example; not plant telemetry
SYN-NET-014,2026-09-01T08:13:00Z,network,synthetic-zeek-offline,4000,0.225,true,valid,training-hmi,SYNTHETIC network flow example; not plant telemetry
SYN-NET-015,2026-09-01T08:14:00Z,network,synthetic-zeek-offline,4308,0.4,true,valid,training-hmi,SYNTHETIC network flow example; not plant telemetry
SYN-NET-016,2026-09-01T08:15:00Z,network,synthetic-zeek-offline,4252,0.30000000000000004,true,valid,training-hmi,SYNTHETIC network flow example; not plant telemetry
SYN-NET-017,2026-09-01T08:16:00Z,network,synthetic-zeek-offline,4196,0.2,true,valid,training-hmi,SYNTHETIC network flow example; not plant telemetry
SYN-NET-018,2026-09-01T08:17:00Z,network,synthetic-zeek-offline,4140,0.375,true,valid,training-hmi,SYNTHETIC network flow example; not plant telemetry
SYN-NET-019,2026-09-01T08:18:00Z,network,synthetic-zeek-offline,4084,0.275,true,valid,training-hmi,SYNTHETIC network flow example; not plant telemetry
SYN-NET-020,2026-09-01T08:19:00Z,network,synthetic-zeek-offline,4028,0.175,true,valid,training-hmi,SYNTHETIC network flow example; not plant telemetry
SYN-NET-021,2026-09-01T08:20:00Z,network,synthetic-zeek-offline,4336,0.35,true,valid,training-hmi,SYNTHETIC network flow example; not plant telemetry
SYN-NET-022,2026-09-01T08:21:00Z,network,synthetic-zeek-offline,4280,0.25,true,valid,training-hmi,SYNTHETIC network flow example; not plant telemetry
SYN-NET-023,2026-09-01T08:22:00Z,network,synthetic-zeek-offline,4224,0.15,true,valid,training-hmi,SYNTHETIC network flow example; not plant telemetry
SYN-NET-024,2026-09-01T08:23:00Z,network,synthetic-zeek-offline,4168,0.325,true,valid,training-hmi,SYNTHETIC network flow example; not plant telemetry
SYN-NET-025,2026-09-01T08:24:00Z,network,synthetic-zeek-offline,4112,0.225,true,valid,training-hmi,SYNTHETIC network flow example; not plant telemetry
SYN-NET-026,2026-09-01T08:25:00Z,network,synthetic-zeek-offline,4056,0.4,true,valid,training-hmi,SYNTHETIC network flow example; not plant telemetry
SYN-NET-027,2026-09-01T08:26:00Z,network,synthetic-zeek-offline,4000,0.30000000000000004,true,valid,training-hmi,SYNTHETIC network flow example; not plant telemetry
SYN-NET-028,2026-09-01T08:27:00Z,network,synthetic-zeek-offline,4308,0.2,true,valid,training-hmi,SYNTHETIC network flow example; not plant telemetry
SYN-NET-029,2026-09-01T08:28:00Z,network,synthetic-zeek-offline,4252,0.375,true,valid,training-hmi,SYNTHETIC network flow example; not plant telemetry
SYN-NET-030,2026-09-01T08:29:00Z,network,synthetic-zeek-offline,4196,0.275,true,valid,training-hmi,SYNTHETIC network flow example; not plant telemetry
SYN-NET-031,2026-09-01T08:30:00Z,network,synthetic-zeek-offline,4140,0.175,true,valid,training-hmi,SYNTHETIC network flow example; not plant telemetry
SYN-NET-032,2026-09-01T08:31:00Z,network,synthetic-zeek-offline,4084,0.35,true,valid,training-hmi,SYNTHETIC network flow example; not plant telemetry
SYN-NET-033,2026-09-01T08:32:00Z,network,synthetic-zeek-offline,4028,0.25,true,valid,training-hmi,SYNTHETIC network flow example; not plant telemetry
SYN-NET-034,2026-09-01T08:33:00Z,network,synthetic-zeek-offline,4336,0.15,true,valid,training-hmi,SYNTHETIC network flow example; not plant telemetry
SYN-NET-035,2026-09-01T08:34:00Z,network,synthetic-zeek-offline,4280,0.325,true,valid,training-hmi,SYNTHETIC network flow example; not plant telemetry
SYN-NET-036,2026-09-01T08:35:00Z,network,synthetic-zeek-offline,4224,0.225,true,valid,training-hmi,SYNTHETIC network flow example; not plant telemetry
SYN-NET-037,2026-09-01T08:36:00Z,network,synthetic-zeek-offline,45000,8.5,true,valid,training-hmi,SYNTHETIC network flow example; not plant telemetry
SYN-NET-038,2026-09-01T08:37:00Z,network,synthetic-zeek-offline,4112,0.30000000000000004,true,valid,training-hmi,SYNTHETIC network flow example; not plant telemetry
SYN-NET-039,2026-09-01T08:38:00Z,network,synthetic-zeek-offline,4056,0.2,true,valid,training-hmi,SYNTHETIC network flow example; not plant telemetry
SYN-NET-040,2026-09-01T08:39:00Z,network,synthetic-zeek-offline,4000,0.375,true,valid,training-hmi,SYNTHETIC network flow example; not plant telemetry
