event_id,timestamp,event_type,source,value,baseline,authorized,integrity,actor,asset,duration,context
ML-NET-001,2026-09-27T08:00:00.000Z,network,fictional-zeek-offline,2100,2500,true,valid,synthetic-operator,training-hmi,0.2,SYNTHETIC fictional network baseline observation
ML-NET-002,2026-09-27T08:01:00.000Z,network,fictional-zeek-offline,2134,2500,true,valid,synthetic-operator,training-hmi,0.365,SYNTHETIC fictional network baseline observation
ML-NET-003,2026-09-27T08:02:00.000Z,network,fictional-zeek-offline,2168,2500,true,valid,synthetic-operator,training-hmi,0.275,SYNTHETIC fictional network baseline observation
ML-NET-004,2026-09-27T08:03:00.000Z,network,fictional-zeek-offline,2202,2500,true,valid,synthetic-operator,training-hmi,0.44,SYNTHETIC fictional network baseline observation
ML-NET-005,2026-09-27T08:04:00.000Z,network,fictional-zeek-offline,2236,2500,true,valid,synthetic-operator,training-hmi,0.35,SYNTHETIC fictional network baseline observation
ML-NET-006,2026-09-27T08:05:00.000Z,network,fictional-zeek-offline,2270,2500,true,valid,synthetic-operator,training-hmi,0.26,SYNTHETIC fictional network baseline observation
ML-NET-007,2026-09-27T08:06:00.000Z,network,fictional-zeek-offline,2304,2500,true,valid,synthetic-operator,training-hmi,0.425,SYNTHETIC fictional network baseline observation
ML-NET-008,2026-09-27T08:07:00.000Z,network,fictional-zeek-offline,2338,2500,true,valid,synthetic-operator,training-hmi,0.335,SYNTHETIC fictional network baseline observation
ML-NET-009,2026-09-27T08:08:00.000Z,network,fictional-zeek-offline,2372,2500,true,valid,synthetic-operator,training-hmi,0.245,SYNTHETIC fictional network baseline observation
ML-NET-010,2026-09-27T08:09:00.000Z,network,fictional-zeek-offline,2406,2500,true,valid,synthetic-operator,training-hmi,0.41000000000000003,SYNTHETIC fictional network baseline observation
ML-NET-011,2026-09-27T08:10:00.000Z,network,fictional-zeek-offline,2440,2500,true,valid,synthetic-operator,training-hmi,0.32,SYNTHETIC fictional network baseline observation
ML-NET-012,2026-09-27T08:11:00.000Z,network,fictional-zeek-offline,2474,2500,true,valid,synthetic-operator,training-hmi,0.23,SYNTHETIC fictional network baseline observation
ML-NET-013,2026-09-27T08:12:00.000Z,network,fictional-zeek-offline,2508,2500,true,valid,synthetic-operator,training-hmi,0.395,SYNTHETIC fictional network baseline observation
ML-NET-014,2026-09-27T08:13:00.000Z,network,fictional-zeek-offline,2542,2500,true,valid,synthetic-operator,training-hmi,0.305,SYNTHETIC fictional network baseline observation
ML-NET-015,2026-09-27T08:14:00.000Z,network,fictional-zeek-offline,2576,2500,true,valid,synthetic-operator,training-hmi,0.21500000000000002,SYNTHETIC fictional network baseline observation
ML-NET-016,2026-09-27T08:15:00.000Z,network,fictional-zeek-offline,2610,2500,true,valid,synthetic-operator,training-hmi,0.38,SYNTHETIC fictional network baseline observation
ML-NET-017,2026-09-27T08:16:00.000Z,network,fictional-zeek-offline,2644,2500,true,valid,synthetic-operator,training-hmi,0.29000000000000004,SYNTHETIC fictional network baseline observation
ML-NET-018,2026-09-27T08:17:00.000Z,network,fictional-zeek-offline,2678,2500,true,valid,synthetic-operator,training-hmi,0.2,SYNTHETIC fictional network baseline observation
ML-NET-019,2026-09-27T08:18:00.000Z,network,fictional-zeek-offline,2712,2500,true,valid,synthetic-operator,training-hmi,0.365,SYNTHETIC fictional network baseline observation
ML-NET-020,2026-09-27T08:19:00.000Z,network,fictional-zeek-offline,2746,2500,true,valid,synthetic-operator,training-hmi,0.275,SYNTHETIC fictional network baseline observation
ML-NET-021,2026-09-27T08:20:00.000Z,network,fictional-zeek-offline,2780,2500,true,valid,synthetic-operator,training-hmi,0.44,SYNTHETIC fictional network baseline observation
ML-NET-022,2026-09-27T08:21:00.000Z,network,fictional-zeek-offline,2814,2500,true,valid,synthetic-operator,training-hmi,0.35,SYNTHETIC fictional network baseline observation
ML-NET-023,2026-09-27T08:22:00.000Z,network,fictional-zeek-offline,2848,2500,true,valid,synthetic-operator,training-hmi,0.26,SYNTHETIC fictional network baseline observation
ML-NET-024,2026-09-27T08:23:00.000Z,network,fictional-zeek-offline,2100,2500,true,valid,synthetic-operator,training-hmi,0.425,SYNTHETIC fictional network baseline observation
ML-NET-025,2026-09-27T08:24:00.000Z,network,fictional-zeek-offline,2134,2500,true,valid,synthetic-operator,training-hmi,0.335,SYNTHETIC fictional network baseline observation
ML-NET-026,2026-09-27T08:25:00.000Z,network,fictional-zeek-offline,2168,2500,true,valid,synthetic-operator,training-hmi,0.245,SYNTHETIC fictional network baseline observation
ML-NET-027,2026-09-27T08:26:00.000Z,network,fictional-zeek-offline,2202,2500,true,valid,synthetic-operator,training-hmi,0.41000000000000003,SYNTHETIC fictional network baseline observation
ML-NET-028,2026-09-27T08:27:00.000Z,network,fictional-zeek-offline,2236,2500,true,valid,synthetic-operator,training-hmi,0.32,SYNTHETIC fictional network baseline observation
ML-NET-029,2026-09-27T08:28:00.000Z,network,fictional-zeek-offline,2270,2500,true,valid,synthetic-operator,training-hmi,0.23,SYNTHETIC fictional network baseline observation
ML-NET-030,2026-09-27T08:29:00.000Z,network,fictional-zeek-offline,2304,2500,true,valid,synthetic-operator,training-hmi,0.395,SYNTHETIC fictional network baseline observation
ML-NET-031,2026-09-27T08:30:00.000Z,network,fictional-zeek-offline,2338,2500,true,valid,synthetic-operator,training-hmi,0.305,SYNTHETIC fictional network baseline observation
ML-NET-032,2026-09-27T08:31:00.000Z,network,fictional-zeek-offline,2372,2500,true,valid,synthetic-operator,training-hmi,0.21500000000000002,SYNTHETIC fictional network baseline observation
ML-NET-033,2026-09-27T08:32:00.000Z,network,fictional-zeek-offline,2406,2500,true,valid,synthetic-operator,training-hmi,0.38,SYNTHETIC fictional network baseline observation
ML-NET-034,2026-09-27T08:33:00.000Z,network,fictional-zeek-offline,2440,2500,true,valid,synthetic-operator,training-hmi,0.29000000000000004,SYNTHETIC fictional network baseline observation
ML-NET-035,2026-09-27T08:34:00.000Z,network,fictional-zeek-offline,2474,2500,true,valid,synthetic-operator,training-hmi,0.2,SYNTHETIC fictional network baseline observation
ML-NET-036,2026-09-27T08:35:00.000Z,network,fictional-zeek-offline,2508,2500,true,valid,synthetic-operator,training-hmi,0.365,SYNTHETIC fictional network baseline observation
ML-NET-037,2026-09-27T08:36:00.000Z,network,fictional-zeek-offline,2542,2500,true,valid,synthetic-operator,training-hmi,0.275,SYNTHETIC fictional network baseline observation
ML-NET-038,2026-09-27T08:37:00.000Z,network,fictional-zeek-offline,38000,2500,true,valid,synthetic-operator,training-hmi,8.1,SYNTHETIC unusual network observation for human review
ML-NET-039,2026-09-27T08:38:00.000Z,network,fictional-zeek-offline,2610,2500,true,valid,synthetic-operator,training-hmi,0.35,SYNTHETIC fictional network baseline observation
ML-NET-040,2026-09-27T08:39:00.000Z,network,fictional-zeek-offline,2644,2500,true,valid,synthetic-operator,training-hmi,0.26,SYNTHETIC fictional network baseline observation
ML-NET-041,2026-09-27T08:40:00.000Z,network,fictional-zeek-offline,2678,2500,true,valid,synthetic-operator,training-hmi,0.425,SYNTHETIC fictional network baseline observation
ML-NET-042,2026-09-27T08:41:00.000Z,network,fictional-zeek-offline,2712,2500,true,valid,synthetic-operator,training-hmi,0.335,SYNTHETIC fictional network baseline observation
ML-NET-043,2026-09-27T08:42:00.000Z,network,fictional-zeek-offline,2746,2500,true,valid,synthetic-operator,training-hmi,0.245,SYNTHETIC fictional network baseline observation
ML-NET-044,2026-09-27T08:43:00.000Z,network,fictional-zeek-offline,2780,2500,true,valid,synthetic-operator,training-hmi,0.41000000000000003,SYNTHETIC fictional network baseline observation
ML-NET-045,2026-09-27T08:44:00.000Z,network,fictional-zeek-offline,2814,2500,true,valid,synthetic-operator,training-hmi,0.32,SYNTHETIC fictional network baseline observation
ML-NET-046,2026-09-27T08:45:00.000Z,network,fictional-zeek-offline,2848,2500,true,valid,synthetic-operator,training-hmi,0.23,SYNTHETIC fictional network baseline observation
ML-NET-047,2026-09-27T08:46:00.000Z,network,fictional-zeek-offline,2100,2500,true,valid,synthetic-operator,training-hmi,0.395,SYNTHETIC fictional network baseline observation
ML-NET-048,2026-09-27T08:47:00.000Z,network,fictional-zeek-offline,2134,2500,true,valid,synthetic-operator,training-hmi,0.305,SYNTHETIC fictional network baseline observation
ML-NET-049,2026-09-27T08:48:00.000Z,network,fictional-zeek-offline,2168,2500,true,valid,synthetic-operator,training-hmi,0.21500000000000002,SYNTHETIC fictional network baseline observation
ML-NET-050,2026-09-27T08:49:00.000Z,network,fictional-zeek-offline,2202,2500,true,valid,synthetic-operator,training-hmi,0.38,SYNTHETIC fictional network baseline observation
ML-NET-051,2026-09-27T08:50:00.000Z,network,fictional-zeek-offline,2236,2500,true,valid,synthetic-operator,training-hmi,0.29000000000000004,SYNTHETIC fictional network baseline observation
ML-NET-052,2026-09-27T08:51:00.000Z,network,fictional-zeek-offline,2270,2500,true,valid,synthetic-operator,training-hmi,0.2,SYNTHETIC fictional network baseline observation
ML-NET-053,2026-09-27T08:52:00.000Z,network,fictional-zeek-offline,2304,2500,true,valid,synthetic-operator,training-hmi,0.365,SYNTHETIC fictional network baseline observation
ML-NET-054,2026-09-27T08:53:00.000Z,network,fictional-zeek-offline,2338,2500,true,valid,synthetic-operator,training-hmi,0.275,SYNTHETIC fictional network baseline observation
ML-NET-055,2026-09-27T08:54:00.000Z,network,fictional-zeek-offline,2372,2500,true,valid,synthetic-operator,training-hmi,0.44,SYNTHETIC fictional network baseline observation
ML-NET-056,2026-09-27T08:55:00.000Z,network,fictional-zeek-offline,2406,2500,true,valid,synthetic-operator,training-hmi,0.35,SYNTHETIC fictional network baseline observation
ML-NET-057,2026-09-27T08:56:00.000Z,network,fictional-zeek-offline,2440,2500,true,valid,synthetic-operator,training-hmi,0.26,SYNTHETIC fictional network baseline observation
ML-NET-058,2026-09-27T08:57:00.000Z,network,fictional-zeek-offline,2474,2500,true,valid,synthetic-operator,training-hmi,0.425,SYNTHETIC fictional network baseline observation
ML-NET-059,2026-09-27T08:58:00.000Z,network,fictional-zeek-offline,2508,2500,true,valid,synthetic-operator,training-hmi,0.335,SYNTHETIC fictional network baseline observation
ML-NET-060,2026-09-27T08:59:00.000Z,network,fictional-zeek-offline,2542,2500,true,valid,synthetic-operator,training-hmi,0.245,SYNTHETIC fictional network baseline observation
ML-NET-061,2026-09-27T09:00:00.000Z,network,fictional-zeek-offline,2576,2500,true,valid,synthetic-operator,training-hmi,0.41000000000000003,SYNTHETIC fictional network baseline observation
ML-NET-062,2026-09-27T09:01:00.000Z,network,fictional-zeek-offline,2610,2500,true,valid,synthetic-operator,training-hmi,0.32,SYNTHETIC fictional network baseline observation
ML-NET-063,2026-09-27T09:02:00.000Z,network,fictional-zeek-offline,2644,2500,true,valid,synthetic-operator,training-hmi,0.23,SYNTHETIC fictional network baseline observation
ML-NET-064,2026-09-27T09:03:00.000Z,network,fictional-zeek-offline,2678,2500,true,valid,synthetic-operator,training-hmi,0.395,SYNTHETIC fictional network baseline observation
ML-NET-065,2026-09-27T09:04:00.000Z,network,fictional-zeek-offline,2712,2500,true,valid,synthetic-operator,training-hmi,0.305,SYNTHETIC fictional network baseline observation
ML-NET-066,2026-09-27T09:05:00.000Z,network,fictional-zeek-offline,2746,2500,true,valid,synthetic-operator,training-hmi,0.21500000000000002,SYNTHETIC fictional network baseline observation
ML-NET-067,2026-09-27T09:06:00.000Z,network,fictional-zeek-offline,2780,2500,true,valid,synthetic-operator,training-hmi,0.38,SYNTHETIC fictional network baseline observation
ML-NET-068,2026-09-27T09:07:00.000Z,network,fictional-zeek-offline,2814,2500,true,valid,synthetic-operator,training-hmi,0.29000000000000004,SYNTHETIC fictional network baseline observation
ML-NET-069,2026-09-27T09:08:00.000Z,network,fictional-zeek-offline,2848,2500,true,valid,synthetic-operator,training-hmi,0.2,SYNTHETIC fictional network baseline observation
ML-NET-070,2026-09-27T09:09:00.000Z,network,fictional-zeek-offline,2100,2500,true,valid,synthetic-operator,training-hmi,0.365,SYNTHETIC fictional network baseline observation
ML-NET-071,2026-09-27T09:10:00.000Z,network,fictional-zeek-offline,2134,2500,true,valid,synthetic-operator,training-hmi,0.275,SYNTHETIC fictional network baseline observation
ML-NET-072,2026-09-27T09:11:00.000Z,network,fictional-zeek-offline,2168,2500,true,valid,synthetic-operator,training-hmi,0.44,SYNTHETIC fictional network baseline observation
ML-NET-073,2026-09-27T09:12:00.000Z,network,fictional-zeek-offline,29000,2500,true,valid,synthetic-operator,training-hmi,5.2,SYNTHETIC unusual network observation for human review
ML-NET-074,2026-09-27T09:13:00.000Z,network,fictional-zeek-offline,2236,2500,true,valid,synthetic-operator,training-hmi,0.26,SYNTHETIC fictional network baseline observation
ML-NET-075,2026-09-27T09:14:00.000Z,network,fictional-zeek-offline,2270,2500,true,valid,synthetic-operator,training-hmi,0.425,SYNTHETIC fictional network baseline observation
ML-NET-076,2026-09-27T09:15:00.000Z,network,fictional-zeek-offline,2304,2500,true,valid,synthetic-operator,training-hmi,0.335,SYNTHETIC fictional network baseline observation
ML-NET-077,2026-09-27T09:16:00.000Z,network,fictional-zeek-offline,2338,2500,true,valid,synthetic-operator,training-hmi,0.245,SYNTHETIC fictional network baseline observation
ML-NET-078,2026-09-27T09:17:00.000Z,network,fictional-zeek-offline,2372,2500,true,valid,synthetic-operator,training-hmi,0.41000000000000003,SYNTHETIC fictional network baseline observation
ML-NET-079,2026-09-27T09:18:00.000Z,network,fictional-zeek-offline,2406,2500,true,valid,synthetic-operator,training-hmi,0.32,SYNTHETIC fictional network baseline observation
ML-NET-080,2026-09-27T09:19:00.000Z,network,fictional-zeek-offline,2440,2500,true,valid,synthetic-operator,training-hmi,0.23,SYNTHETIC fictional network baseline observation
